Anna Landre,alandre0@sun.com,1910.96,Legal
Minna McLaggan,mmclaggan1@vimeo.com,8635.72,Accounting
Marleen Bauldrey,mbauldrey2@oaic.gov.au,2361.85,Research and Development
Darbie Ber,dber3@npr.org,8145.45,Training
Danni MacKaile,dmackaile4@elpais.com,3796.06,Research and Development
Issie Sailor,isailor5@webmd.com,3864.07,Marketing
Reinaldo Di Giacomettino,rdi6@umich.edu,3286.04,Human Resources
Cherye Dumbelton,cdumbelton7@hibu.com,9756.12,Research and Development
Imelda Andrusyak,iandrusyak8@dropbox.com,2332.65,Training
Ashlan Glencross,aglencross9@cocolog-nifty.com,6762.74,Human Resources
Roobbie Chaffen,rchaffena@census.gov,7459.65,Research and Development
Wylie Hull,whullb@tinypic.com,8321.19,Support
Morgan Clara,mclarac@domainmarket.com,6223.81,Engineering
Jacquelyn Lotze,jlotzed@aboutads.info,1057.21,Engineering
Lyndell Spellsworth,lspellsworthe@cornell.edu,3638.66,Marketing
Betti Langhorne,blanghornef@mac.com,4875.13,Engineering
Yance Yakobovitz,yyakobovitzg@amazon.com,8567.09,Services
Gonzales Gillan,ggillanh@chron.com,7818.11,Marketing
Micheline Ketteman,mkettemani@imdb.com,7148.29,Product Management
Kelly Mc Dermid,kmcj@independent.co.uk,2647.58,Sales
Niccolo Grovier,ngrovierk@sun.com,2516.31,Human Resources
Christie Oldroyde,coldroydel@soup.io,4121.58,Sales
Meriel Panchin,mpanchinm@telegraph.co.uk,8911.76,Marketing
Shauna Wellstead,swellsteadn@ow.ly,5923.14,Training
Haily Southby,hsouthbyo@alexa.com,3933.43,Marketing
Ignaz Grcic,igrcicp@ucsd.edu,2057.92,Research and Development
Ainslee Middle,amiddleq@meetup.com,1137.30,Research and Development
Therine Crain,tcrainr@nbcnews.com,1048.93,Sales
Aharon Simoneschi,asimoneschis@t-online.de,7414.35,Research and Development
Dionne Jest,djestt@earthlink.net,6087.20,Product Management
Scott Learmond,slearmondu@istockphoto.com,7061.52,Legal
Enriqueta Birtley,ebirtleyv@bing.com,5696.03,Business Development
Burtie Giovannazzi,bgiovannazziw@google.com.hk,7449.94,Support
Aleksandr Picton,apictonx@scribd.com,4494.21,Marketing
Matty Golden,mgoldeny@weather.com,5316.42,Sales
Cordie Bahlmann,cbahlmannz@google.nl,1504.40,Product Management
Eb Duffil,eduffil10@fc2.com,1650.28,Marketing
Spencer Bunch,sbunch11@google.ca,2843.35,Research and Development
Jenna Eversfield,jeversfield12@pagesperso-orange.fr,7721.43,Legal
Oswell Furbank,ofurbank13@reddit.com,8898.77,Research and Development
Jessalyn Drain,jdrain14@china.com.cn,8378.65,Research and Development
Fernando Weatherby,fweatherby15@telegraph.co.uk,5179.96,Legal
Kesley Harfleet,kharfleet16@cloudflare.com,4236.17,Sales
Hewe Scurr,hscurr17@marketwatch.com,6511.74,Product Management
Zia Kacheler,zkacheler18@odnoklassniki.ru,9273.21,Training
Jarrod Chesser,jchesser19@artisteer.com,8335.30,Product Management
Augy Conwell,aconwell1a@archive.org,1207.86,Support
Rosemarie Dreng,rdreng1b@sfgate.com,9889.44,Legal
Blinni Matelyunas,bmatelyunas1c@elpais.com,7927.68,Product Management
Beth Blenkinship,bblenkinship1d@wikimedia.org,1686.46,Accounting
Ondrea Bindley,obindley1e@canalblog.com,5132.44,Services
Moe Caseri,mcaseri1f@paypal.com,5056.63,Product Management
Sharona Nicely,snicely1g@archive.org,8914.74,Accounting
Dee dee McSperrin,ddee1h@engadget.com,6539.44,Human Resources
Carolee Caddy,ccaddy1i@sitemeter.com,8343.61,Engineering
Nicolas Galletly,ngalletly1j@yahoo.com,2178.44,Support
Ram Tinan,rtinan1k@linkedin.com,8455.98,Training
Olav Wrightim,owrightim1l@zimbio.com,6994.47,Accounting
Elianora Dunnico,edunnico1m@walmart.com,8392.83,Marketing
Algernon Gellion,agellion1n@wp.com,4616.17,Legal
Melissa Klimecki,mklimecki1o@moonfruit.com,9195.66,Sales
Emlen Pagden,epagden1p@bandcamp.com,3676.73,Accounting
Jude Lundy,jlundy1q@berkeley.edu,6058.05,Services
Chico Wordington,cwordington1r@un.org,8217.08,Human Resources
Pen Peegrem,ppeegrem1s@java.com,3611.85,Sales
Cally Othick,cothick1t@linkedin.com,3204.95,Product Management
Anetta Cudmore,acudmore1u@engadget.com,9367.81,Research and Development
Phelia Perrygo,pperrygo1v@statcounter.com,8512.96,Product Management
Abigale Blunt,ablunt1w@hostgator.com,6034.63,Business Development
Erv Ruppeli,eruppeli1x@prweb.com,7779.06,Human Resources
Juliane Varnes,jvarnes1y@theatlantic.com,5637.52,Human Resources
Shannon Vayro,svayro1z@geocities.jp,1656.91,Sales
Curry Abbatini,cabbatini20@java.com,1332.18,Accounting
Ebeneser Evershed,eevershed21@sciencedirect.com,4306.89,Research and Development
Anica Rebert,arebert22@smh.com.au,7739.47,Engineering
Bernardo Guichard,bguichard23@theglobeandmail.com,9979.81,Product Management
Patrice Doncaster,pdoncaster24@dagondesign.com,7622.82,Sales
Robbin Sibyllina,rsibyllina25@mlb.com,6670.82,Marketing
Angelia Goeff,agoeff26@shinystat.com,3794.23,Engineering
Giulietta Stanyan,gstanyan27@yahoo.com,6182.17,Accounting
Ellissa Cramond,ecramond28@1und1.de,4232.58,Support
Hana Tolworthy,htolworthy29@fastcompany.com,9818.89,Legal
Bekki Trevaskus,btrevaskus2a@wikimedia.org,4665.19,Research and Development
Emanuele Shearmur,eshearmur2b@cafepress.com,2317.46,Research and Development
Kimble Isakovic,kisakovic2c@so-net.ne.jp,2557.46,Engineering
Johnnie Fyndon,jfyndon2d@usa.gov,6397.73,Engineering
Annabel Dearlove,adearlove2e@123-reg.co.uk,5299.93,Training
Mara Emeline,memeline2f@answers.com,2533.45,Legal
Ronald Capel,rcapel2g@upenn.edu,9184.20,Marketing
Maisey Corkish,mcorkish2h@intel.com,6309.36,Sales
Pauletta Divis,pdivis2i@wikimedia.org,1058.54,Accounting
Kendra Malshinger,kmalshinger2j@pbs.org,3832.06,Business Development
Gaby Dellenty,gdellenty2k@g.co,6368.80,Business Development
Aron Collumbine,acollumbine2l@ft.com,4740.71,Legal
Amerigo Birchill,abirchill2m@acquirethisname.com,1053.27,Product Management
Zorine Krochmann,zkrochmann2n@odnoklassniki.ru,8448.05,Support
Julio Paolo,jpaolo2o@usatoday.com,6550.89,Sales
Malva Wickey,mwickey2p@google.com,8613.87,Support
Kassandra Telezhkin,ktelezhkin2q@microsoft.com,3713.03,Marketing
Errick Wykes,ewykes2r@bluehost.com,2815.70,Training
